# enum	size	member	value
# psd_op: the operation of a backend record, named as the stage's own opcode name table names them (0043ee98;
# its 'DUMMY' entries are OP_DUMMY_xx: every value needs a member, or the decompiler spells an unnamed one as an
# expression of others, which C evaluates as an int, not a byte. '/' and '.' become '_'.
psd_op	1	OP_DUMMY_00	0x00
psd_op	1	OP_DUMMY_01	0x01
psd_op	1	OP_DUMMY_02	0x02
psd_op	1	OP_DUMMY_03	0x03
psd_op	1	OP_DUMMY_04	0x04
psd_op	1	OP_DUMMY_05	0x05
psd_op	1	OP_EXPORT	0x06
psd_op	1	OP_IMPORT	0x07
psd_op	1	OP_DC	0x08
psd_op	1	OP_DZ	0x09
psd_op	1	OP_DS	0x0a
psd_op	1	OP_DSTR	0x0b
psd_op	1	OP_PRGRAM	0x0c
psd_op	1	OP_CONST	0x0d
psd_op	1	OP_DATA	0x0e
psd_op	1	OP_BSS	0x0f
psd_op	1	OP_B_ASM	0x10
psd_op	1	OP_C_JMP	0x11
psd_op	1	OP_DUMMY_12	0x12
psd_op	1	OP_DUMMY_13	0x13
psd_op	1	OP_CTBL	0x14
psd_op	1	OP_CENT	0x15
psd_op	1	OP_BBGN	0x16
psd_op	1	OP_BEND	0x17
psd_op	1	OP_LABEL	0x18
psd_op	1	OP_CLABEL	0x19
psd_op	1	OP_DLABEL	0x1a
psd_op	1	OP_FLABEL	0x1b
psd_op	1	OP_DUMMY_1C	0x1c
psd_op	1	OP_LINE	0x1d
psd_op	1	OP_SWBGN	0x1e
psd_op	1	OP_SWEND	0x1f
psd_op	1	OP_ENTER	0x20
psd_op	1	OP_EXIT	0x21
psd_op	1	OP_RETURN	0x22
psd_op	1	OP_CALL	0x23
psd_op	1	OP_JUMP	0x24
psd_op	1	OP_JUMPT	0x25
psd_op	1	OP_JUMPF	0x26
psd_op	1	OP_MV_LOC	0x27
psd_op	1	OP_MVA_LC	0x28
psd_op	1	OP_MVA_PC	0x29
psd_op	1	OP_MOVI	0x2a
psd_op	1	OP_MVA_FC	0x2b
psd_op	1	OP_MOVIF	0x2c
psd_op	1	OP_DUMMY_2D	0x2d
psd_op	1	OP_FPRSET	0x2e
psd_op	1	OP_DUMMY_2F	0x2f
psd_op	1	OP_EXTLD	0x30
psd_op	1	OP_EXTST	0x31
psd_op	1	OP_DUMMY_32	0x32
psd_op	1	OP_DUMMY_33	0x33
psd_op	1	OP_DUMMY_34	0x34
psd_op	1	OP_DUMMY_35	0x35
psd_op	1	OP_DUMMY_36	0x36
psd_op	1	OP_DUMMY_37	0x37
psd_op	1	OP_DUMMY_38	0x38
psd_op	1	OP_DUMMY_39	0x39
psd_op	1	OP_DUMMY_3A	0x3a
psd_op	1	OP_DUMMY_3B	0x3b
psd_op	1	OP_DUMMY_3C	0x3c
psd_op	1	OP_DUMMY_3D	0x3d
psd_op	1	OP_DUMMY_3E	0x3e
psd_op	1	OP_DUMMY_3F	0x3f
psd_op	1	OP_MOV	0x40
psd_op	1	OP_DUMMY_41	0x41
psd_op	1	OP_MOVT	0x42
psd_op	1	OP_DUMMY_43	0x43
psd_op	1	OP_MOVA	0x44
psd_op	1	OP_DUMMY_45	0x45
psd_op	1	OP_SWAP	0x46
psd_op	1	OP_XTRCT	0x47
psd_op	1	OP_SHAD	0x48
psd_op	1	OP_SHAL	0x49
psd_op	1	OP_SHLL	0x4a
psd_op	1	OP_SHLL2	0x4b
psd_op	1	OP_SHLL8	0x4c
psd_op	1	OP_SHLL16	0x4d
psd_op	1	OP_ROTL	0x4e
psd_op	1	OP_ROTCL	0x4f
psd_op	1	OP_CMP_EQ	0x50
psd_op	1	OP_CMP_HS	0x51
psd_op	1	OP_CMP_GE	0x52
psd_op	1	OP_CMP_HI	0x53
psd_op	1	OP_CMP_GT	0x54
psd_op	1	OP_CMP_PZ	0x55
psd_op	1	OP_CMP_PL	0x56
psd_op	1	OP_CMP_STR	0x57
psd_op	1	OP_SHLD	0x58
psd_op	1	OP_SHAR	0x59
psd_op	1	OP_SHLR	0x5a
psd_op	1	OP_SHLR2	0x5b
psd_op	1	OP_SHLR8	0x5c
psd_op	1	OP_SHLR16	0x5d
psd_op	1	OP_ROTR	0x5e
psd_op	1	OP_ROTCR	0x5f
psd_op	1	OP_ADD	0x60
psd_op	1	OP_ADDC	0x61
psd_op	1	OP_ADDV	0x62
psd_op	1	OP_SUB	0x63
psd_op	1	OP_SUBC	0x64
psd_op	1	OP_SUBV	0x65
psd_op	1	OP_DUMMY_66	0x66
psd_op	1	OP_DUMMY_67	0x67
psd_op	1	OP_DUMMY_68	0x68
psd_op	1	OP_DUMMY_69	0x69
psd_op	1	OP_DUMMY_6A	0x6a
psd_op	1	OP_DUMMY_6B	0x6b
psd_op	1	OP_DUMMY_6C	0x6c
psd_op	1	OP_DUMMY_6D	0x6d
psd_op	1	OP_DUMMY_6E	0x6e
psd_op	1	OP_MUL	0x6f
psd_op	1	OP_MULS	0x70
psd_op	1	OP_MULU	0x71
psd_op	1	OP_MAC	0x72
psd_op	1	OP_DUMMY_73	0x73
psd_op	1	OP_DIV1	0x74
psd_op	1	OP_DIV0S	0x75
psd_op	1	OP_DIV0U	0x76
psd_op	1	OP_DUMMY_77	0x77
psd_op	1	OP_NEG	0x78
psd_op	1	OP_NEGC	0x79
psd_op	1	OP_DUMMY_7A	0x7a
psd_op	1	OP_EXTS	0x7b
psd_op	1	OP_EXTU	0x7c
psd_op	1	OP_DUMMY_7D	0x7d
psd_op	1	OP_DUMMY_7E	0x7e
psd_op	1	OP_DUMMY_7F	0x7f
psd_op	1	OP_AND	0x80
psd_op	1	OP_OR	0x81
psd_op	1	OP_XOR	0x82
psd_op	1	OP_NOT	0x83
psd_op	1	OP_DUMMY_84	0x84
psd_op	1	OP_TST	0x85
psd_op	1	OP_TAS	0x86
psd_op	1	OP_DUMMY_87	0x87
psd_op	1	OP_NOP	0x88
psd_op	1	OP_DUMMY_89	0x89
psd_op	1	OP_DT	0x8a
psd_op	1	OP_CLRT	0x8b
psd_op	1	OP_LDC	0x8c
psd_op	1	OP_LDS	0x8d
psd_op	1	OP_RTE	0x8e
psd_op	1	OP_SETT	0x8f
psd_op	1	OP_BF	0x90
psd_op	1	OP_BT	0x91
psd_op	1	OP_BRA	0x92
psd_op	1	OP_BSR	0x93
psd_op	1	OP_JMP	0x94
psd_op	1	OP_JSR	0x95
psd_op	1	OP_RTS	0x96
psd_op	1	OP_BT_S	0x97
psd_op	1	OP_BF_S	0x98
psd_op	1	OP_BSRF	0x99
psd_op	1	OP_BRAF	0x9a
psd_op	1	OP_CLRMAC	0x9b
psd_op	1	OP_STC	0x9c
psd_op	1	OP_STS	0x9d
psd_op	1	OP_TRAPA	0x9e
psd_op	1	OP_SLEEP	0x9f
psd_op	1	OP_PREF	0xa0
psd_op	1	OP_DUMMY_A1	0xa1
psd_op	1	OP_DUMMY_A2	0xa2
psd_op	1	OP_DUMMY_A3	0xa3
psd_op	1	OP_DUMMY_A4	0xa4
psd_op	1	OP_DUMMY_A5	0xa5
psd_op	1	OP_DUMMY_A6	0xa6
psd_op	1	OP_DUMMY_A7	0xa7
psd_op	1	OP_DUMMY_A8	0xa8
psd_op	1	OP_DUMMY_A9	0xa9
psd_op	1	OP_DUMMY_AA	0xaa
psd_op	1	OP_DUMMY_AB	0xab
psd_op	1	OP_DUMMY_AC	0xac
psd_op	1	OP_DUMMY_AD	0xad
psd_op	1	OP_DUMMY_AE	0xae
psd_op	1	OP_DUMMY_AF	0xaf
psd_op	1	OP_FMOV	0xb0
psd_op	1	OP_DUMMY_B1	0xb1
psd_op	1	OP_DUMMY_B2	0xb2
psd_op	1	OP_FLDI0	0xb3
psd_op	1	OP_FLDI1	0xb4
psd_op	1	OP_FCNVDS	0xb5
psd_op	1	OP_FCNVSD	0xb6
psd_op	1	OP_DUMMY_B7	0xb7
psd_op	1	OP_FADD	0xb8
psd_op	1	OP_DUMMY_B9	0xb9
psd_op	1	OP_FSUB	0xba
psd_op	1	OP_DUMMY_BB	0xbb
psd_op	1	OP_FMUL	0xbc
psd_op	1	OP_DUMMY_BD	0xbd
psd_op	1	OP_FDIV	0xbe
psd_op	1	OP_DUMMY_BF	0xbf
psd_op	1	OP_FCMP_EQ	0xc0
psd_op	1	OP_FCMP_GT	0xc1
psd_op	1	OP_DUMMY_C2	0xc2
psd_op	1	OP_DUMMY_C3	0xc3
psd_op	1	OP_DUMMY_C4	0xc4
psd_op	1	OP_DUMMY_C5	0xc5
psd_op	1	OP_DUMMY_C6	0xc6
psd_op	1	OP_FTST	0xc7
psd_op	1	OP_DUMMY_C8	0xc8
psd_op	1	OP_DUMMY_C9	0xc9
psd_op	1	OP_DUMMY_CA	0xca
psd_op	1	OP_DUMMY_CB	0xcb
psd_op	1	OP_FMAC	0xcc
psd_op	1	OP_DUMMY_CD	0xcd
psd_op	1	OP_DUMMY_CE	0xce
psd_op	1	OP_DUMMY_CF	0xcf
psd_op	1	OP_FNEG	0xd0
psd_op	1	OP_DUMMY_D1	0xd1
psd_op	1	OP_FABS	0xd2
psd_op	1	OP_DUMMY_D3	0xd3
psd_op	1	OP_FSQRT	0xd4
psd_op	1	OP_DUMMY_D5	0xd5
psd_op	1	OP_FIPR	0xd6
psd_op	1	OP_DUMMY_D7	0xd7
psd_op	1	OP_FTRV	0xd8
psd_op	1	OP_DUMMY_D9	0xd9
psd_op	1	OP_DUMMY_DA	0xda
psd_op	1	OP_DUMMY_DB	0xdb
psd_op	1	OP_FLOAT	0xdc
psd_op	1	OP_FTRC	0xdd
psd_op	1	OP_FSTS	0xde
psd_op	1	OP_FLDS	0xdf
psd_op	1	OP_DUMMY_E0	0xe0
psd_op	1	OP_DUMMY_E1	0xe1
psd_op	1	OP_DUMMY_E2	0xe2
psd_op	1	OP_DUMMY_E3	0xe3
psd_op	1	OP_DUMMY_E4	0xe4
psd_op	1	OP_DUMMY_E5	0xe5
psd_op	1	OP_DUMMY_E6	0xe6
psd_op	1	OP_DUMMY_E7	0xe7
psd_op	1	OP_DUMMY_E8	0xe8
psd_op	1	OP_DUMMY_E9	0xe9
psd_op	1	OP_DUMMY_EA	0xea
psd_op	1	OP_DUMMY_EB	0xeb
psd_op	1	OP_DUMMY_EC	0xec
psd_op	1	OP_DUMMY_ED	0xed
psd_op	1	OP_FRCHG	0xee
psd_op	1	OP_DUMMY_EF	0xef
psd_op	1	OP_FSCA	0xf0
psd_op	1	OP_FSRRA	0xf1
psd_op	1	OP_DUMMY_F2	0xf2
psd_op	1	OP_DUMMY_F3	0xf3
psd_op	1	OP_DUMMY_F4	0xf4
psd_op	1	OP_DUMMY_F5	0xf5
psd_op	1	OP_DUMMY_F6	0xf6
psd_op	1	OP_DUMMY_F7	0xf7
psd_op	1	OP_DUMMY_F8	0xf8
psd_op	1	OP_DUMMY_F9	0xf9
psd_op	1	OP_DUMMY_FA	0xfa
psd_op	1	OP_DUMMY_FB	0xfb
psd_op	1	OP_DUMMY_FC	0xfc
psd_op	1	OP_DUMMY_FD	0xfd
psd_op	1	OP_DUMMY_FE	0xfe
psd_op	1	OP_DUMMY_FF	0xff
# reg: the register numbering of operands and register masks, named by the stage's register name table
# (0043ecc8). Release 26 put the SH-4 XF/XD bank at 0x40..0x5f and the special registers after it (SR 0x61 ..
# TRA 0x73); slots without a name (the second half of a DR/XD pair, FV quads, 0x74 on) are REG_NON_xx
reg	1	REG_R0	0x00
reg	1	REG_R1	0x01
reg	1	REG_R2	0x02
reg	1	REG_R3	0x03
reg	1	REG_R4	0x04
reg	1	REG_R5	0x05
reg	1	REG_R6	0x06
reg	1	REG_R7	0x07
reg	1	REG_R8	0x08
reg	1	REG_R9	0x09
reg	1	REG_R10	0x0a
reg	1	REG_R11	0x0b
reg	1	REG_R12	0x0c
reg	1	REG_R13	0x0d
reg	1	REG_R14	0x0e
reg	1	REG_R15	0x0f
reg	1	REG_FR0	0x10
reg	1	REG_FR1	0x11
reg	1	REG_FR2	0x12
reg	1	REG_FR3	0x13
reg	1	REG_FR4	0x14
reg	1	REG_FR5	0x15
reg	1	REG_FR6	0x16
reg	1	REG_FR7	0x17
reg	1	REG_FR8	0x18
reg	1	REG_FR9	0x19
reg	1	REG_FR10	0x1a
reg	1	REG_FR11	0x1b
reg	1	REG_FR12	0x1c
reg	1	REG_FR13	0x1d
reg	1	REG_FR14	0x1e
reg	1	REG_FR15	0x1f
reg	1	REG_DR0	0x20
reg	1	REG_NON_21	0x21
reg	1	REG_DR2	0x22
reg	1	REG_NON_23	0x23
reg	1	REG_DR4	0x24
reg	1	REG_NON_25	0x25
reg	1	REG_DR6	0x26
reg	1	REG_NON_27	0x27
reg	1	REG_DR8	0x28
reg	1	REG_NON_29	0x29
reg	1	REG_DR10	0x2a
reg	1	REG_NON_2B	0x2b
reg	1	REG_DR12	0x2c
reg	1	REG_NON_2D	0x2d
reg	1	REG_DR14	0x2e
reg	1	REG_NON_2F	0x2f
reg	1	REG_FV0	0x30
reg	1	REG_NON_31	0x31
reg	1	REG_NON_32	0x32
reg	1	REG_NON_33	0x33
reg	1	REG_FV4	0x34
reg	1	REG_NON_35	0x35
reg	1	REG_NON_36	0x36
reg	1	REG_NON_37	0x37
reg	1	REG_FV8	0x38
reg	1	REG_NON_39	0x39
reg	1	REG_NON_3A	0x3a
reg	1	REG_NON_3B	0x3b
reg	1	REG_FV12	0x3c
reg	1	REG_NON_3D	0x3d
reg	1	REG_NON_3E	0x3e
reg	1	REG_NON_3F	0x3f
reg	1	REG_XF0	0x40
reg	1	REG_XF1	0x41
reg	1	REG_XF2	0x42
reg	1	REG_XF3	0x43
reg	1	REG_XF4	0x44
reg	1	REG_XF5	0x45
reg	1	REG_XF6	0x46
reg	1	REG_XF7	0x47
reg	1	REG_XF8	0x48
reg	1	REG_XF9	0x49
reg	1	REG_XF10	0x4a
reg	1	REG_XF11	0x4b
reg	1	REG_XF12	0x4c
reg	1	REG_XF13	0x4d
reg	1	REG_XF14	0x4e
reg	1	REG_XF15	0x4f
reg	1	REG_XD0	0x50
reg	1	REG_NON_51	0x51
reg	1	REG_XD2	0x52
reg	1	REG_NON_53	0x53
reg	1	REG_XD4	0x54
reg	1	REG_NON_55	0x55
reg	1	REG_XD6	0x56
reg	1	REG_NON_57	0x57
reg	1	REG_XD8	0x58
reg	1	REG_NON_59	0x59
reg	1	REG_XD10	0x5a
reg	1	REG_NON_5B	0x5b
reg	1	REG_XD12	0x5c
reg	1	REG_NON_5D	0x5d
reg	1	REG_XD14	0x5e
reg	1	REG_NON_5F	0x5f
reg	1	REG_XMTRX	0x60
reg	1	REG_SR	0x61
reg	1	REG_GBR	0x62
reg	1	REG_VBR	0x63
reg	1	REG_MACH	0x64
reg	1	REG_MACL	0x65
reg	1	REG_PR	0x66
reg	1	REG_FPUL	0x67
reg	1	REG_FPSCR	0x68
reg	1	REG_SGR	0x69
reg	1	REG_DBR	0x6a
reg	1	REG_PC	0x6b
reg	1	REG_FP	0x6c
reg	1	REG_TBIT	0x6d
reg	1	REG_SBIT	0x6e
reg	1	REG_PTEH	0x6f
reg	1	REG_PTEL	0x70
reg	1	REG_SSR	0x71
reg	1	REG_SPC	0x72
reg	1	REG_TRA	0x73
reg	1	REG_NON_74	0x74
reg	1	REG_NON_75	0x75
reg	1	REG_NON_76	0x76
reg	1	REG_NON_77	0x77
reg	1	REG_NON_78	0x78
reg	1	REG_NON_79	0x79
reg	1	REG_NON_7A	0x7a
reg	1	REG_NON_7B	0x7b
reg	1	REG_NON_7C	0x7c
reg	1	REG_NON_7D	0x7d
reg	1	REG_NON_7E	0x7e
reg	1	REG_NON_7F	0x7f
reg	1	REG_NON_80	0x80
reg	1	REG_NON_81	0x81
reg	1	REG_NON_82	0x82
reg	1	REG_NON_83	0x83
reg	1	REG_NON_84	0x84
reg	1	REG_NON_85	0x85
reg	1	REG_NON_86	0x86
reg	1	REG_NON_87	0x87
reg	1	REG_NON_88	0x88
reg	1	REG_NON_89	0x89
reg	1	REG_NON_8A	0x8a
reg	1	REG_NON_8B	0x8b
reg	1	REG_NON_8C	0x8c
reg	1	REG_NON_8D	0x8d
reg	1	REG_NON_8E	0x8e
reg	1	REG_NON_8F	0x8f
reg	1	REG_NON_90	0x90
reg	1	REG_NON_91	0x91
reg	1	REG_NON_92	0x92
reg	1	REG_NON_93	0x93
reg	1	REG_NON_94	0x94
reg	1	REG_NON_95	0x95
reg	1	REG_NON_96	0x96
reg	1	REG_NON_97	0x97
reg	1	REG_NON_98	0x98
reg	1	REG_NON_99	0x99
reg	1	REG_NON_9A	0x9a
reg	1	REG_NON_9B	0x9b
reg	1	REG_NON_9C	0x9c
reg	1	REG_NON_9D	0x9d
reg	1	REG_NON_9E	0x9e
reg	1	REG_NON_9F	0x9f
reg	1	REG_NON_A0	0xa0
reg	1	REG_NON_A1	0xa1
reg	1	REG_NON_A2	0xa2
reg	1	REG_NON_A3	0xa3
reg	1	REG_NON_A4	0xa4
reg	1	REG_NON_A5	0xa5
reg	1	REG_NON_A6	0xa6
reg	1	REG_NON_A7	0xa7
reg	1	REG_NON_A8	0xa8
reg	1	REG_NON_A9	0xa9
reg	1	REG_NON_AA	0xaa
reg	1	REG_NON_AB	0xab
reg	1	REG_NON_AC	0xac
reg	1	REG_NON_AD	0xad
reg	1	REG_NON_AE	0xae
reg	1	REG_NON_AF	0xaf
reg	1	REG_NON_B0	0xb0
reg	1	REG_NON_B1	0xb1
reg	1	REG_NON_B2	0xb2
reg	1	REG_NON_B3	0xb3
reg	1	REG_NON_B4	0xb4
reg	1	REG_NON_B5	0xb5
reg	1	REG_NON_B6	0xb6
reg	1	REG_NON_B7	0xb7
reg	1	REG_NON_B8	0xb8
reg	1	REG_NON_B9	0xb9
reg	1	REG_NON_BA	0xba
reg	1	REG_NON_BB	0xbb
reg	1	REG_NON_BC	0xbc
reg	1	REG_NON_BD	0xbd
reg	1	REG_NON_BE	0xbe
reg	1	REG_NON_BF	0xbf
reg	1	REG_NON_C0	0xc0
reg	1	REG_NON_C1	0xc1
reg	1	REG_NON_C2	0xc2
reg	1	REG_NON_C3	0xc3
reg	1	REG_NON_C4	0xc4
reg	1	REG_NON_C5	0xc5
reg	1	REG_NON_C6	0xc6
reg	1	REG_NON_C7	0xc7
reg	1	REG_NON_C8	0xc8
reg	1	REG_NON_C9	0xc9
reg	1	REG_NON_CA	0xca
reg	1	REG_NON_CB	0xcb
reg	1	REG_NON_CC	0xcc
reg	1	REG_NON_CD	0xcd
reg	1	REG_NON_CE	0xce
reg	1	REG_NON_CF	0xcf
reg	1	REG_NON_D0	0xd0
reg	1	REG_NON_D1	0xd1
reg	1	REG_NON_D2	0xd2
reg	1	REG_NON_D3	0xd3
reg	1	REG_NON_D4	0xd4
reg	1	REG_NON_D5	0xd5
reg	1	REG_NON_D6	0xd6
reg	1	REG_NON_D7	0xd7
reg	1	REG_NON_D8	0xd8
reg	1	REG_NON_D9	0xd9
reg	1	REG_NON_DA	0xda
reg	1	REG_NON_DB	0xdb
reg	1	REG_NON_DC	0xdc
reg	1	REG_NON_DD	0xdd
reg	1	REG_NON_DE	0xde
reg	1	REG_NON_DF	0xdf
reg	1	REG_NON_E0	0xe0
reg	1	REG_NON_E1	0xe1
reg	1	REG_NON_E2	0xe2
reg	1	REG_NON_E3	0xe3
reg	1	REG_NON_E4	0xe4
reg	1	REG_NON_E5	0xe5
reg	1	REG_NON_E6	0xe6
reg	1	REG_NON_E7	0xe7
reg	1	REG_NON_E8	0xe8
reg	1	REG_NON_E9	0xe9
reg	1	REG_NON_EA	0xea
reg	1	REG_NON_EB	0xeb
reg	1	REG_NON_EC	0xec
reg	1	REG_NON_ED	0xed
reg	1	REG_NON_EE	0xee
reg	1	REG_NON_EF	0xef
reg	1	REG_NON_F0	0xf0
reg	1	REG_NON_F1	0xf1
reg	1	REG_NON_F2	0xf2
reg	1	REG_NON_F3	0xf3
reg	1	REG_NON_F4	0xf4
reg	1	REG_NON_F5	0xf5
reg	1	REG_NON_F6	0xf6
reg	1	REG_NON_F7	0xf7
reg	1	REG_NON_F8	0xf8
reg	1	REG_NON_F9	0xf9
reg	1	REG_NON_FA	0xfa
reg	1	REG_NON_FB	0xfb
reg	1	REG_NON_FC	0xfc
reg	1	REG_NON_FD	0xfd
reg	1	REG_NON_FE	0xfe
reg	1	REG_NON_FF	0xff
